"#SL","Status","Editing Status","Name","Category","SubCategory","Designation","Degree","Higher Degree","BMDC Reg.","Phone","Email","Work Place","Specialist","Experience","Charge","Image","Signature","Categorize Priority","About","Available on","Starting Time","Ending Time","Fee","Consultation Time","Appointment for web","Appointment for app","Action"
"1","Approved                                                                     Pending                                                                                                                                     Hold                                                                                                     Banned","Locked                                 Unlocked","Dr. Mohammad Joynal Abedin","Specialist","Chest & Esophageal","Chest Disease & Medicine","MBBS (CMC),BCS(Health), National Institute of Diseases of the Chest and Hospital (NIDCH), Dhaka","MD (Chest)","66172","01813190401","joynal80@gmail.com","National Hospital Chattagram","Chest Disease & Medicine","10","500","","","0",".....","Sat,Thu,Fri","5:00 PM","8:00 PM","700","10 Minutes","20","10",""
"2","Approved                                                                     Pending                                                                                                                                     Hold                                                                                                     Banned","Locked                                 Unlocked","Dr. Sharmin Sultana","Specialist","Food & Nutrition Specialist","MBBS,BCS(Health),MPhil(Biochemistry),MSC( Food & Nutrition Science)","MBBS,BCS(Health)","MPhil(Biochemistry),MSC( Food & Nutrition Science), Certified Course Therapeutic Diet","11158","01812345697","admin97@gmail.com","National Hospital Chittagong","Food & Nutrition Specialist","10","500","","","0","Nutrition Specialist & Lab Consaltant","Sun,Mon,Tue,Wed,Thu","3:00 PM","5:00 PM","1000","5 Minutes","50","10",""
"3","Approved                                                                     Pending                                                                                                                                     Hold                                                                                                     Banned","Locked                                 Unlocked","Nutritionist Md. Iqbal Hossain","Specialist","Food & Nutrition Specialist","Nutritionist & Diet Management at Chittagong Diabetic General Hospital","BSc(Honours),","Msc(1st Class) Applied Nutrition and Food Technology,","11157","01812345696","admin96@gmail.com","National Hospital Chittagong","Food & Nutrition Specialist","10","500","","","0","Nutritionist Iqbal Hossain is a Nutritionist in Chittagong. His qualification is BCS (Hons) MSC (Applied Nutrition & Food Technology). He is a Consultant in nutrition and diet Management at Chittagong Diabetic General Hospital. He regularly provides treatment to his patients at National Hospital, Chittagong.","Sat,Sun,Mon,Tue,Wed,Thu,Fri","3:00 PM","5:00 PM","1000","5 Minutes","50","10",""
"4","Approved                                                                     Pending                                                                                                                                     Hold                                                                                                     Banned","Locked                                 Unlocked","Dr. Mahfuzul Kabir","Specialist","Pediatric & Surgery","Associate Professor & Head of Department (Child surgery department)","MBBS","MS(Child Surgery)","11156","01812345695","admin95@gmail.com","National Hospital Chittagong","Pediatric & Surgery","10","500","","","0","Pediatric Surgery","Sun,Mon,Tue,Wed,Thu","6:30 PM","9:30 PM","1000","0","20","10",""
"5","Approved                                                                     Pending                                                                                                                                     Hold                                                                                                     Banned","Locked                                 Unlocked","Dr. M.A Mushfiqur Rahman (Piku)","Specialist","Pediatric & Surgery","Associate Professor, Pediatric Surgery & Pediatric Urology Department, Chittagong Medical College & Hospital","MBBS,BCS(health),","FCPS(Surgery) ,MS(Child Surgery)","11155","01812345694","admin94@gmail.com","National Hospital Chittagong","Pediatric & Surgery","10","500","","","0","Pediatric Surgery & Pediatric Urology","Sat,Sun,Mon,Tue,Wed,Thu","3:00 PM","5:00 PM","1000","5 Minutes","50","10",""
"6","Approved                                                                     Pending                                                                                                                                     Hold                                                                                                     Banned","Locked                                 Unlocked","Dr. Fazle Kibria Chowdhury","Specialist","Chest & Esophageal","Assistant Professor (Chattogram Maa O Shisu Hospital Medical college )","MBBS(DMC),MD(CHEST PAIN) ,","FCCP (USA) ,CCD(BARDEM) ,FCCS (SINGAPORE)","11154","01812345693","admin93@gmail.com","National Hospital Chittagong","Chest & Esophageal","10","500","","","0","-------","Sat,Mon,Wed","6:00 PM","8:00 PM","1000","0","50","0",""
"7","Approved                                                                     Pending                                                                                                                                     Hold                                                                                                     Banned","Locked                                 Unlocked","Dr.Mohammad Zakir Hossen Bhuiyan","Specialist","Chest & Esophageal","Assistant Professor, Chest Pain Surgery Department(CMCH)","MBBS (DMC)","BCS(HEALTH),MCPS(SURGERY),MS(Chest),FMAS(India)","2125465","01827555505","admin@gmail.com","National Hospital Chittagong","Chest & Esophageal","10","500","","","1","Room Number : 4014","Sat,Sun,Mon,Wed,Thu","7:00 PM","10:00 PM","1000","10 Minutes","50","10",""
"8","Approved                                                                     Pending                                                                                                                                     Hold                                                                                                     Banned","Locked                                 Unlocked","Dr. Mohammadul Haque Mezbah","Specialist","Eye","Senior Consultant (Eye), Chattogram General Hospital","MBBS, BCS (Health)","DO (BSMMU), MCPS (Eye), Room No : 4012","11152","01812345691","admin91@gmail.com","National Hospital Chittagong","Eye","10","500","","","0","Best Eye Specialist Doctor in Chittagong","Sat,Sun,Mon,Tue,Wed,Thu","3:00 PM","10:00 PM","1000","15 Minutes","0","5",""
"9","Approved                                                                     Pending                                                                                                                                     Hold                                                                                                     Banned","Locked                                 Unlocked","Dr. Md. Gias Uddin","Specialist","Eye","Associate Professor (Eye)-CIMC, Former Associate professor(Eye), Cox's Bazar Medical College","MBBS","MS(Eye,DU), Room No : 2020","11151","01812345690","admin90@gmail.com","National Hospital Chittagong","Eye","10","500","","","0","Eye Specialist","Sat,Sun,Mon,Tue,Wed,Thu","6:00 PM","9:00 PM","1000","5 Minutes","50","10",""
"10","Approved                                                                     Pending                                                                                                                                     Hold                                                                                                     Banned","Locked                                 Unlocked","Dr. Muhammed Abu Bakar","Specialist","Diabetes & Thyroid","Assistant Professor & Head of Department, Chattogram Maa-O-Shisu Medical College & Hospital","MBBS","DEM(Endrocrinology & Metabolism), MACE(America)","11150","01812345689","admin89@gmail.com","National Hospital Chittagong","Diabetes & Thyroid","10","500","","","0","Room Number : 4022","Sat,Sun,Mon,Tue,Wed,Thu","5:00 PM","10:30 PM","1000","5 Minutes","50","10",""
"11","Approved                                                                     Pending                                                                                                                                     Hold                                                                                                     Banned","Locked                                 Unlocked","DR.MD.ABDUR RAZZAK","Specialist","Cardiology","HEAD OF THE DEPARTMENT & ASSOCIATE PROFESSOR(EX), SHER-E-BANGLA MADICAL COLLEGE HOSPITAL,BARISAL","MBBS","ASSOCIATE PROFESSOR(EX), CARDIOLOGY DEPARTMENT (CMCH)","11149","01812345688","admin88@gmail.com","National Hospital Chittagong","Diabetes & Thyroid","10","500","","","0","--","Sun,Tue,Thu","7:00 PM","9:00 PM","1000","0","20","10",""
"12","Approved                                                                     Pending                                                                                                                                     Hold                                                                                                     Banned","Locked                                 Unlocked","Dr.Md.Ismail Hossen Chowdhury (Ripon)","Specialist","Dermatologist","Dermatology specialist.","MBBS,BCS(Health)","MD(BSMMU),Room No : 4020","11148","01812345687","admin87@gmail.com","National Hospital Chittagong","Dermatology","10","500","","","0","Dermatologist","Mon,Tue,Wed,Thu","4:00 PM","6:00 PM","1000","0","50","10",""
"13","Approved                                                                     Pending                                                                                                                                     Hold                                                                                                     Banned","Locked                                 Unlocked","Dr. Mst. Nasrin Sultana","Specialist","Dermatologist","CONSULTANT, CHATTOGRAM DIABETES GENERAL HOSPITAL.","MBBS,MD (BSMMU)","DARMATOLOGY & VENEREOLOGY,FELLOWSHIP TRAINING ON DERMATOSURGERY(DFB).","11147","01812345686","admin86@gmail.com","National Hospital Chittagong","Dermatology","10","500","","","0","Dermatology","Sat,Sun,Mon,Tue,Wed,Thu","6:00 PM","8:00 PM","1000","5 Minutes","50","10",""
"14","Approved                                                                     Pending                                                                                                                                     Hold                                                                                                     Banned","Locked                                 Unlocked","Dr. Shamsun Nahar","Specialist","Dermatologist","ASSOCIATE PROFESSOR & HEAD OF THE DEPARTMENT,DEPARTMENT OF DERMATOLOGY AND VENEREOLOGY (CHATTOGRAM MAA O SHISU MEDICAL COLLEGE & HOSPITAL)","MBBS,D.D.V (CMC)","FELLOW IN AESTHETIC DERMATOLOGY & TRICOLOGY","11146","01812345685","admin85@gmail.com","National Hospital Chittagong","Dermatology","10","500","","","0","SKIN,HAIR, NAIL AND ALLERGY SPECIALIST AND COSMETIC SURGEON","Sat,Sun,Mon,Tue,Wed","5:00 PM","7:00 AM","1000","0","50","0",""
"15","Approved                                                                     Pending                                                                                                                                     Hold                                                                                                     Banned","Locked                                 Unlocked","Dr. Didaruzzaman","Specialist","Dermatologist","FORMER-SENIOR CONSULTANT (American Hospital,Agrabad,Chattogram)","MBBS,DD(Thai-Japan),","POST DOC-FELLOWSHIP IN STD & AIDS (America),Room No:2019","11145","01812345684","admin84@gmail.com","National Hospital Chittagong","Dermatology","10","500","","","0","----","Sat,Sun,Mon,Tue,Wed,Thu","10:00 AM","9:00 PM","1000","5 Minutes","50","10",""
"16","Approved                                                                     Pending                                                                                                                                     Hold                                                                                                     Banned","Locked                                 Unlocked","Dr. Md. Amir Khasru","Specialist","Dermatologist","Dermatology specialist","MBBS","DDV (Room No: 4018)","11144","01812345683","admin83@gmail.com","National Hospital Chittagong","Dermatology","10","500","","","0","Dr. Amir Khasru is a distinguished Dermatology specialist renowned for his medical prowess and qualifications. He has degrees in MBBS, CCD, and DVD, so he exemplifies a comprehensive understanding of dermatological health. Within the medical landscape of Chittagong, Dr. Khasru has established his practice at the reputable National Hospital. The chamber's location at 14/15 Dampara Lane, Mehedibag, Chattogram, becomes a hub of medical solace for those seeking expert dermatological care. Dr. Amir Khasru's commitment to his patients is evident through his extensive visiting hours, accommodating individuals from 9 am to 11 am and 6 pm to 10 pm daily, except for Fridays. Individuals can reach out at 01819998720 or 01819314562 to secure an appointment for their specialized services. With his consistent dedication to patient well-being and his strong presence at National Hospital, Chittagong, Dr. Amir Khasru is a beacon of trust and expertise in dermatology.","Sat,Sun,Mon,Tue,Wed,Thu","7:00 PM","10:00 PM","1000","0","40","0",""
"17","Banned                                                                     Pending                                                                                                     Approved                                                                                                     Hold","Locked                                 Unlocked","Dr. Md. Fazle Robbi Riyad","Specialist","Medicine","Cancer Specialist","MBBS, BCS(Health),","MD(ONCOLOGY) CHOTTOGRAM MEDICAL COLLEGE & HOSPITAL.","11143","01812345682","admin82@gmail.com","National Hospital Chittagong","Cancer Specialist","10","500","","","0","Cancer","Sun,Tue,Thu","7:00 PM","9:00 PM","1000","5 Minutes","50","10",""
"18","Approved                                                                     Pending                                                                                                                                     Hold                                                                                                     Banned","Locked                                 Unlocked","DR. Nasir Uddin Mahamud (Shuvo)","Specialist","Cancer Specialist","Consultant (Oncology), CMCH.","MBBS, BCS (HEALTH),","FCPS(Radiotherapy), CLINICAL & RADIATION ONCOLOGIST, CHOTTOGRAM MEDICAL COLLEGE HOSPITAL","11142","01812345681","admin81@gmail.com","National Hospital Chittagong","Cancer Specialist","10","500","","","0","Consultant (Oncology), CMCH.","Sat,Sun,Mon,Tue,Wed,Thu","7:00 PM","9:00 PM","1000","5 Minutes","50","10",""
"19","Approved                                                                     Pending                                                                                                                                     Hold                                                                                                     Banned","Locked                                 Unlocked","Dr. Mohammad Nasir Uddin","Specialist","Cancer Specialist","Cancer Specialist","MBBS, BCS(Health),","MCPS(Oncology),Special training in chemotherapy & radiotherapy","11141","01812345680","admin71@gmail.com","National Hospital Chittagong","Cancer Specialist","10","500","","","0","Oncology","Sat,Sun,Mon,Tue,Wed,Thu","4:00 PM","7:00 PM","1000","5 Minutes","50","10",""
"20","Approved                                                                     Pending                                                                                                                                     Hold                                                                                                     Banned","Locked                                 Unlocked","Dr. Mohammad Abul Bashar","Specialist","ENT","Senior Consultant (ENT),Chattogram General Hospital.","MBBS,BCS(Health)","DLO (BSMMU),CCD (BERDAM), Room No : 2015","11140","01812345670","admin70@gmail.com","National Hospital Chattogram & Sigma Lab Ltd.","ENT","10","500","","","0","ENT","Sat,Sun,Mon,Tue,Wed,Thu","5:00 PM","7:00 PM","1000","0","50","0",""
"21","Approved                                                                     Pending                                                                                                                                     Hold                                                                                                     Banned","Locked                                 Unlocked","Dr. Mohammad Rezaul Karim","Specialist","ENT","ENT SERGERY Dept.DMC","MBBS, MCPS (ENT)","FCPS (ENT& HEAD NECK SURGERY), For Appointment call 01784814991 - Md.Tarek (9am-11am)","11139","01812345669","admin69@gmail.com","National Hospital Chittagong","ENT","10","500","","","0","----","Thu,Fri","6:30 PM","10:30 PM","800","10 Minutes","20","10",""
"22","Approved                                                                     Pending                                                                                                                                     Hold                                                                                                     Banned","Locked                                 Unlocked","DR. Nurul Korim Chowdhury","Specialist","ENT","ASSISTANT PROFESSOR (ENT),CMCH,Fellowship in endoscopy & sinus surgery,Mumbai,India","MBBS,","FCPS (ENT)","11138","01812345668","admin68@gmail.com","National Hospital Chittagong","ENT","10","500","","","0","-----","Sat,Sun,Tue,Wed","5:00 PM","7:00 PM","1000","5 Minutes","50","10",""
"23","Approved                                                                     Pending                                                                                                                                     Hold                                                                                                     Banned","Locked                                 Unlocked","Dr. Mohammad Jamal Hussain","Specialist","ENT","Associate Professor & Head Dept. of ENT at Chittagong Medical College Hospital","MBBS,","FCPS (ENT), BCS(Health)","11137","01812345667","admin67@gmail.com","National Hospital Chittagong","ENT","10","500","","","0","ENT Specialist Head, Neck and Thyroid Surgeon","Sat,Sun,Mon,Tue,Wed,Thu","6:00 PM","9:00 PM","1000","10 Minutes","50","10",""
"24","Approved                                                                     Pending                                                                                                                                     Hold                                                                                                     Banned","Locked                                 Unlocked","Prof. Col. Dr. Mohammed Sirazul Islam","Specialist","ENT","Professor and Head of the Dept. (ENT & Head-Neck Surgery) at Army Medical College & CMH. Chattogram","MBBS (SSMC), DLO,","FCPS (ENT), Training In Post-Doctoral Otology & Implantation Otology (MERF, Chennai, India)","11136","01812345666","admin66@gmail.com","National Hospital Chittagong","ENT","10","500","","","0","ENT & Head-Neck Surgery","Sat,Sun,Mon,Tue,Wed,Thu","7:00 PM","9:00 PM","1000","0","50","5",""
"25","Approved                                                                     Pending                                                                                                                                     Hold                                                                                                     Banned","Locked                                 Unlocked","Prof. Dr. Md. Abdus Sattar","Specialist","ENT","Professor (ENT), Bangabandhu Sheikh Mujib Medical College (PG Hospital), Dhaka","MBBS, DLO,","FCPS, MS (ENT), Head-Neck Fellow (IFHNOS/MSKCC)","11135","01812345665","admin65@gmail.com","National Hospital Chittagong","ENT","10","500","","","0","Ear, Nose. Throat Specialist & Head-Neck Surgeon","Thu","7:00 PM","10:00 PM","1000","0","30","10",""
"26","Approved                                                                     Pending                                                                                                                                     Hold                                                                                                     Banned","Locked                                 Unlocked","Professor. Dr. Ziaul Ansar Chowdhury","Specialist","ENT","Professor, ENT (Ear, Nose, Throat) Specialist & Head Neck Surgeon","MBBS, BCS (Health),","DLO (BSMMU), MNS (Australia), Training Microsurgery (Australia)","11134","01812345664","admin64@gmail.com","National Hospital Chittagong","Gyne & OBS","10","500","","","0","ENT Specialist","Sun,Mon,Tue,Wed,Thu","10:00 AM","1:00 PM","1000","5 Minutes","50","10",""
"27","Approved                                                                     Pending                                                                                                                                     Hold                                                                                                     Banned","Locked                                 Unlocked","Professor Dr. Mahbub Ul Alam Chowdhury","Specialist","ENT","PROFESSOR","MBBS, MCPS,","DLO, MS(ENT), Advanced training in microsurgery (Madras), Advanced training in Audiology (Singapore)","11133","01812345663","admin63@gmail.com","National Hospital Chittagong","Gyne & OBS","10","500","","","0","Dr Mahbub Alam is an ENT Specialist & Head Neck Surgeon. With an extensive educational background including MBBS, DLO, MCPS, and FCPS, he offers comprehensive care for patients with ear, nose, and throat (ENT) conditions. Currently serving as an Assistant Professor at the National Institute of Otolaryngology-Head and Neck Surgery, Dr Alam's expertise covers a wide range of ENT disorders. He performs surgical procedures such as microwear surgery and endoscopic sinus surgery, providing precise and effective treatments. Patients can receive exceptional care from Dr Mahbub Alam at National Hospital Chittagong, where his dedication to improving ENT health is evident.","Sat,Tue","9:00 PM","1:00 PM","1000","5 Minutes","50","10",""
"28","Approved                                                                     Pending                                                                                                                                     Hold                                                                                                     Banned","Locked                                 Unlocked","Dr. Naima Akter","Specialist","Gyne & OBS","Assistant Professor (Gynecology, Obstetrics Specialist & Surgeon), Chattogram Medical College & Hospital.","MBBS","BCS(Health),DGO(BSMMU)","11132","01812345662","admin62@gmail.com","National Hospital Chattogram & Sigma Lab Ltd.","Gyne & OBS","10","500","","","0","Room Number : 2022","Sat,Sun,Mon,Tue,Wed,Thu","7:00 PM","9:00 PM","1000","10 Minutes","30","10",""
"29","Approved                                                                     Pending                                                                                                                                     Hold                                                                                                     Banned","Locked                                 Unlocked","Dr. Nurjahan Begum","Specialist","Gyne & OBS","Gynae & Obs. Specialist & Surgeon","MBBS,","MCPS, FCPS(GYNE & OBS)","11131","01812345661","admin61@gmail.com","National Hospital Chittagong","Gyne & OBS","10","500","","","0","GYNE & OBS","Sun,Mon,Tue,Wed,Thu","4:00 PM","6:00 PM","1000","5 Minutes","50","10",""
"30","Approved                                                                     Pending                                                                                                                                     Hold                                                                                                     Banned","Locked                                 Unlocked","Dr. Musarat Naz","Specialist","Gyne & OBS","Consultant (GYNE & OBS)","MBBS,","MS(Gyne & obs),BCS(Health)","11130","01812345660","admin60@gmail.com","National Hospital Chittagong","Gyne & OBS","10","500","","","0","----","Sat,Sun,Mon,Tue,Wed,Thu","6:00 PM","9:00 PM","1000","0","40","10",""
"31","Approved                                                                     Pending                                                                                                                                     Hold                                                                                                     Banned","Locked                                 Unlocked","Dr. Nazneen Sultana (Lulu)","Specialist","Gyne & OBS","Gynae & Obs. Specialist Laparoscopic Surgeon","FCPS(Gynae & Obs),","BCS(Health)","11129","01812345659","admin59@gmail.com","National Hospital Chittagong","Gyne & OBS","10","500","","","0","Best Gynecology & Obstetrics Specialist","Sat,Sun,Mon,Tue,Wed,Thu","6:00 PM","9:00 PM","1000","10 Minutes","20","10",""
"32","Approved                                                                     Pending                                                                                                                                     Hold                                                                                                     Banned","Locked                                 Unlocked","Dr. Sarwat Ara (Riku)","Specialist","Gyne & OBS","Consultant (CMCH)","MBBS","BCS (Health), MCPS, MS (OBS & GYNE)","11128","01812345658","admin58@gmail.com","National Hospital Chittagong","Gyne & OBS","10","500","","","0","Gynecology, Obstetrics, Infertility Specialist & Surgeon","Sat,Sun,Mon,Tue,Wed","7:00 PM","10:00 PM","1000","10 Minutes","30","10",""
"33","Approved                                                                     Pending                                                                                                                                     Hold                                                                                                     Banned","Locked                                 Unlocked","Prof.Dr. Kamrun Nessa Runa","Specialist","Gyne & OBS","Vice Principal & Professor (Gynae & Obs),Marine City Medical College. EX. Professor (Gynae & Obs),CMCH. President, Obs & Gynae Society of Bangladesh,CTG Branch.","MBBS,","MS,MCPS,DGO,BCS(HEALTH)","11127","01930715166","admin57@gmail.com","National Hospital Chittagong","Gyne & OBS","10","500","","","0","Professor Dr. Kamrun Nessa as a distinguished Gynecologist and Obstetrician Specialist, illuminating the path to women's health and fertility solutions. Appointment at With MCPS and FCPS qualifications in Obstetrics and Gynecology, an MPH in Epidemiology, and specialized fellowships in Laparoscopy and Assisted Reproductive Technology, her expertise is vast and cutting-edge. As a Professor in Obstetrics, Gynecology, and Infertility, she imparts her knowledge while offering compassionate care at National Hospital & Sigma Lab Ltd, where her chamber opens on select days. Dr. Nessa commitment to personalized patient solutions and unwavering dedication to enhancing women's well-being position her as a beacon of empowerment and hope in her field. Appointment at 01930715166","Sat,Sun,Mon,Tue,Wed","5:00 PM","10:00 PM","1000","10 Minutes","40","5",""
"34","Approved                                                                     Pending                                                                                                                                     Hold                                                                                                     Banned","Locked                                 Unlocked","Dr. Mohammad Mamun","Specialist","Orthopedics","MBBS,D(ortho)","MBBS,","D(ortho)","11126","01812345656","admin56@gmail.com","National Hospital Chittagong","Orthopedics","10","500","","","0","Orthopedics","Sat,Sun,Mon,Tue,Wed,Thu","7:00 PM","10:00 PM","600","0","50","0",""
"35","Approved                                                                     Pending                                                                                                                                     Hold                                                                                                     Banned","Locked                                 Unlocked","Dr. Md. Abdur Rob Faisal","Specialist","Orthopedics","Junior Consultant (Orthopedics & Traumatology),(CMCH)","MBBS,","BCS(Health),D(ORTHO)","11125","01812345655","admin55@gmail.com","National Hospital Chittagong","Orthopedics","10","500","","","0","Orthopedics","Sat,Mon,Wed","3:00 PM","5:00 PM","1000","5 Minutes","50","10",""
"36","Approved                                                                     Pending                                                                                                                                     Hold                                                                                                     Banned","Locked                                 Unlocked","Dr. Md. Fahad Goni","Specialist","Orthopedics","Associate Professor & Head of Dept. (IAHS,USTC,CHITTAGONG)","MBBS (DHAKA),","MS (ORTHOPEDIC-BSMMU),FACS(America)","11124","01812345654","admin54@gmail.com","National Hospital Chittagong","Orthopedics","10","500","","","0","Orthopaedic spine specialists","Sat,Sun,Mon,Tue,Wed,Thu","7:00 PM","10:00 PM","1000","5 Minutes","50","10",""
"37","Approved                                                                     Pending                                                                                                                                     Hold                                                                                                     Banned","Locked                                 Unlocked","Dr. Mohammed Selim","Specialist","Orthopedics","Consultant (Surgery)","MBBS,","D(ORTHO), MS (ORTHO)","11123","01812345653","admin53@gmail.com","National Hospital Chittagong","Orthopedics","10","500","","","0","Orthopedics & Spine","Sat,Sun,Mon,Tue,Wed","11:00 AM","1:00 PM","1000","5 Minutes","50","10",""
"38","Approved                                                                     Pending                                                                                                                                     Hold                                                                                                     Banned","Locked                                 Unlocked","Dr. Md. Jamal Uddin","Specialist","Orthopedics","Assistant Professor, Orthopedic Surgery at Chittagong Medical College Hospital","MBBS, MS (ORTHO),","Special Training in Vascular Surgery (NICVD), Fellow Arthroscopy & Arthroplasty (SIOR, PUNA,INDIA), Fellow Ilizarov Orthopaedic & Trauma (BIO Centre)","11122","01812345652","admin52@gmail.com","National Hospital Chittagong","Orthopedics","10","500","","","0","Orthopedics","Sat,Sun,Mon,Tue,Wed","4:00 PM","6:00 PM","1000","0","50","0",""
"39","Approved                                                                     Pending                                                                                                                                     Hold                                                                                                     Banned","Locked                                 Unlocked","Lt. Col. Dr. Md. Zamil Zaidur Rahim","Specialist","Orthopedics","ASSOCIATE PROFESSOR(ORTHOPEDIC)ARMY MEDICAL COLLEGE,SENIOR ORTHOPEDIC SERGEON,CMH,CHOTTOGRAM","MBBS, MS (Ortho),","Fellow Arthroscopy & Arthroplasty, Orthopedic Surgery,Apollo Hospital(New Delhi,India),Advanced training in Orthopedic(Turkey)","11121","01812345651","admin51@gmail.com","National Hospital Chittagong","Orthopedics","10","500","","","0","ORTHOPEDIC SERGEON","Mon,Wed","8:00 PM","10:00 PM","1000","5 Minutes","50","10",""
"40","Approved                                                                     Pending                                                                                                                                     Hold                                                                                                     Banned","Locked                                 Unlocked","Dr. Shahed Mohammed Anwar","Specialist","Urology","General, Laparoscopic and Colorectal Surgeon. Assistant Professor Dept. of Surgery at Chattogram Maa-O-Shishu Hospital","MBBS ,","MS (General Surgery), DMAS (India), FMAS(India)","11120","01812345650","admin50@gmail.com","National Hospital Chittagong","General Surgery","5","500","","","0","Dr Shahed Mohammed Anwar is a distinguished General, Laparoscopic and Colorectal Surgeon, holding degrees of MBBS, MS in General Surgery, DMAS, and FMAS from esteemed institutions in India. Currently serving as an Assistant Professor of General Surgery at Chattogram Maa-O-Shishu Hospital, his expertise extends to National Hospital Chattogram and Sigma Lab Ltd. With a commitment to patient care, he offers consultations from 7 pm to 10 pm daily, except Fridays. Dr Anwar's dedication to his field is underscored by his impressive qualifications and his role as an educator. To schedule an appointment, kindly contact him at 01713969614 or 01827402322.","Sat,Sun,Mon,Tue,Wed,Thu","7:00 PM","10:00 PM","1000","0","50","0",""
"41","Approved                                                                     Pending                                                                                                                                     Hold                                                                                                     Banned","Locked                                 Unlocked","Dr. A.Z.M Farman Ullah (Sohel)","Specialist","General Surgery","ASSOCIATE PROFESSOR (GENERAL SURGERY), Chattogram Maa-O-Shishu Medical College & Hospital.","MBBS,","FCPS(Surgery)","11117","01812345649","admin49@gmail.com","National Hospital Chittagong","General Surgery","10","500","","","0","GENERAL,LAPAROSCOPIC & COLORECTAL SURGERY","Sat,Sun,Mon,Tue,Wed,Thu","6:00 PM","8:00 PM","1000","0","50","0",""
"42","Approved                                                                     Pending                                                                                                                                     Hold                                                                                                     Banned","Locked                                 Unlocked","Dr. Saira Banu Shiuli","Specialist","General Surgery","Assistant Professor (General Surgery)- CMC","MBBS,BCS(Health),","FCPS(General Surgery), FMAS (INDIA),FACS(America)","11116","01812345648","admin48@gmail.com","National Hospital Chittagong","General Surgery","10","500","","","0","General & Laparoscopic Surgery Specialist","Sat,Sun,Mon,Tue,Thu","2:00 PM","4:00 PM","1000","0","50","10",""
"43","Approved                                                                     Pending                                                                                                                                     Hold                                                                                                     Banned","Locked                                 Unlocked","Dr. Md. Abu Naser","Specialist","General Surgery","National Hospital Chattogram & Sigma Lab Ltd.","MBBS (CMC)","MS(General Surgery),Room No:4004","11115","01812345647","admin47@gmail.com","National Hospital Chattogram & Sigma Lab Ltd.","General Surgery","10","500","","","0","---","Sat,Sun,Mon,Tue,Wed,Thu","6:00 PM","9:00 PM","1000","0","50","0",""
"44","Approved                                                                     Pending                                                                                                                                     Hold                                                                                                     Banned","Locked                                 Unlocked","Dr. Mofizur Rahman","Specialist","Urology","Assistant Professor, Department of Urology, Chittagong Medical College & Hospital.","MBBS,","BCS(HEALTH),MS (Urology)","11114","01812345646","admin46@gmail.com","National Hospital Chittagong","Urology","10","500","","","0","Specialist in Kidney Surgery and Urology","Sat,Sun,Mon,Tue,Wed,Thu","5:00 AM","7:00 AM","1000","5 Minutes","50","10",""
"45","Approved                                                                     Pending                                                                                                                                     Hold                                                                                                     Banned","Locked                                 Unlocked","Dr. Abdus Salam","Specialist","Urology","Associate Professor (Urology).","MBBS,BCS(HEALTH),","FCPS (Surgery),MS(Urology), For Appointment : 01842344900 (8.30am)","11113","01812345645","admin45@gmail.com","National Hospital Chittagong","Urology","10","500","","","0","Appointment : 01842-344900 (8.30am) Room No : 4016","Sat,Mon,Wed","7:00 PM","9:00 PM","1000","5 Minutes","0","0",""
"46","Approved                                                                     Pending                                                                                                                                     Hold                                                                                                     Banned","Locked                                 Unlocked","Prof.Dr. Md.Mazharul Haque Nasim","Specialist","Urology","PROFESSOR (SURGERY), GENERAL,LAPAROSCOPIC & UROLOGICAL SURGEON.","MBBS,BCS(HEALTH),","FCPS(SURGERY) MS(UROLOGY)","11112","01812345644","admin44@gmail.com","National Hospital Chattogram & Sigma Lab Ltd.","Urology","10","500","","","0","Urologist and Surgeon","Sat,Sun,Mon,Tue,Wed,Thu","6:00 PM","9:00 AM","1000","10 Minutes","20","5",""
"47","Approved                                                                     Pending                                                                                                                                     Hold                                                                                                     Banned","Locked                                 Unlocked","Dr. Ahsan Uddin Mahmud (Munna)","Specialist","Cardio Vascular","Assistant Professor, Vascular Surgery, Chattogram Medical College Hospital","MBBS,BCS(Health),","MS(Cardiovascular & Thoracic Surgery)","11111","01812345643","admin43@gmail.com","National Hospital Chittagong","Cardio Vascular","10","500","","","0","Vascular Surgery","Sat,Sun,Mon,Tue,Wed,Thu","7:00 PM","9:00 PM","1000","5 Minutes","50","10",""
"48","Approved                                                                     Pending                                                                                                                                     Hold                                                                                                     Banned","Locked                                 Unlocked","DR.KHONDOKAR MD.ISMAIL","Specialist","Cardiology","Junior Consultant (Cardiology), Chattogram Medical College & Hospital.","MBBS(CMC),BCS(Health)","MD(CARDIOLOGY), MRCP-UK(PACES)","98987","01812345642","admin42@gmail.com","National Hospital Chittagong","Cardiology","10","500","","","0","---","Sat,Mon,Wed,Thu","4:00 PM","6:00 PM","1000","0","20","0",""
"49","Approved                                                                     Pending                                                                                                                                     Hold                                                                                                     Banned","Locked                                 Unlocked","Dr. Habibul Islam Chowdhury","Specialist","Cardiology","Assistant Professor, Dept. of Cardiology, Chittagong Medical College Hospital","MBBS,BCS (Health)","MD(Cardiology),      Room No:3014","12340","01812345640","admin40@gmail.com","National Hospital Chittagong","Cardiology","10","500","","","0","Heart Specialist Doctor","Sat,Sun,Mon,Tue,Wed,Thu","7:00 PM","10:00 PM","1000","0","20","10",""
"50","Approved                                                                     Pending                                                                                                                                     Hold                                                                                                     Banned","Locked                                 Unlocked","Dr. Md. Mostafizur Rahman","Specialist","Cardiology","Assistant Professor, Cardiology at Chittagong Medical College Hospital","MBBS (CMC)","BCS (Health),MD (Cardiology),    Room No:4009","12339","01812345639","admin39@gmail.com","National Hospital Chittagong","Cardiology","10","500","","","0","Dr. Md. Mostafizur Rahman is a dedicated Cardiologist specializing in the Cardiology of Rheumatic Fever & Medicine. He holds degrees of MBBS, BCS (Health), and MD (Cardiology), reflecting his commitment to excellence in the medical field. Currently serving as an Assistant Professor in the Department of Cardiology at National Hospital, Dr. Mostafizur Rahman expertise and experience make him a valued healthcare professional. Chamber at the National Hospital during the visiting hours from 7pm to 10pm, except on Thursdays and Fridays when the facility remains closed. To schedule an appointment contact us at 01822685066. With a passion for providing exceptional treatment, Dr Md. Mostafizur Rahman continues to make a significant difference in the lives of his patients at the National Hospital, Chittagong.","Sat,Sun,Mon,Tue,Wed,Thu,Fri","7:00 PM","10:00 PM","1000","0","20","10",""
"51","Approved                                                                     Pending                                                                                                                                     Hold                                                                                                     Banned","Locked                                 Unlocked","Dr. Mohammed Abdul Jalil","Specialist","Cardiology","Associate Professor of Cardiology (EX) at Chittagong Medical College Hospital","MBBS, BCS(Health)","D-Card (NICVD), FRSH(LONDON), DMU, CCD(BIRDEM)","12338","01812345638","admin38@gmail.com","National Hospital Chittagong","Cardiology","10","500","","","0","Cardiology, Medicine and Diabetes Specialist in Chittagong","Sat,Sun,Mon,Tue,Wed,Thu","6:00 PM","10:00 PM","1000","0","20","10",""
"52","Hold                                                                     Pending                                                                                                     Approved                                                                                                                                     Banned","Locked                                 Unlocked","Lt. Col. Dr. MD. Mostafa Kamal","Specialist","Cardiology","EX MD (Cardiology), (BSMMU)","MBBS,","BCS(Health)","12336","01812345636","admin36@gmail.com","National Hospital Chittagong","Cardiology","10","500","","","0","Cardiologist Specialist","Sat,Sun,Mon,Tue,Wed,Thu","4:00 PM","6:00 PM","1000","5 Minutes","50","10",""
"53","Hold                                                                     Pending                                                                                                     Approved                                                                                                                                     Banned","Locked                                 Unlocked","Dr. Abdullah-AL-Mamun","Specialist","Cardiology","Clinical and Interventional Cardiology at National Institute of Cardiovascular Diseases (NICVD)","MBBS (CMC), BCS(Health),","MD (Cardiology), NICVD","12335","01812345635","admin35@gmail.com","National Hospital Chittagong","Cardiology","10","500","","","0","Cardiologist and Medicine Specialist","Sat,Sun,Mon,Tue,Wed,Thu,Fri","4:00 PM","6:00 PM","1000","5 Minutes","50","10",""
"54","Approved                                                                     Pending                                                                                                                                     Hold                                                                                                     Banned","Locked                                 Unlocked","Dr. Mohammad Abdul Momen","Specialist","Pediatrics Specialist","PEDIATRICIAN","MBBS, BCS (Health),","DCH (PG Hospital-BSMMU, Dhaka), FCPS(FP) (Child Health).","12334","01812345634","admin34@gmail.com","National Hospital Chittagong","Pediatrics Specialist","10","500","","","0","PEDIATRIC SPECILIST","Sun,Tue,Thu","2:00 PM","5:00 PM","1000","5 Minutes","50","10",""
"55","Approved                                                                     Pending                                                                                                                                     Hold                                                                                                     Banned","Locked                                 Unlocked","Dr. Mumtahina Mahmuda","Specialist","Pediatrics Specialist","Child Specialist, Chittagong Medical College & Hospital","MBBS (DMCH)","BCS(Health) FCPS(CHILD HEALTH)","12333","01812345633","admin33@gmail.com","National Hospital Chittagong","Pediatrics Specialist","10","500","","","0","--------","Sat,Sun,Mon,Tue,Wed,Thu","6:00 PM","9:00 PM","1000","0","0","0",""
"56","Approved                                                                     Pending                                                                                                                                     Hold                                                                                                     Banned","Locked                                 Unlocked","Dr. Roksana Afrose","Specialist","Pediatrics Specialist","Research Physician (X), Chattogram Maa-O-Shishu Hospital","MBBS,","DCH","12332","01812345632","admin32@gmail.com","National Hospital Chittagong","Pediatrics Specialist","10","500","","","0","Neonate & Child Specialist","Sat,Sun,Mon,Tue,Wed,Thu","7:00 PM","9:00 PM","1000","0","50","0",""
"57","Approved                                                                     Pending                                                                                                                                     Hold                                                                                                     Banned","Locked                                 Unlocked","Dr. Mohammed Hossain","Specialist","Pediatrics Specialist","Consultant ( Pediatrics)","MBBS, BCS (Health),","MD(PEDIATRICS, BSMMU), FCPS(PEDIATRICS), DCH","12331","01812345631","admin31@gmail.com","National Hospital Chittagong","Pediatrics Specialist","10","500","","","0","Neonatologist & Paediatrician Specialist","Sat,Mon,Wed","6:00 PM","9:00 PM","1000","5 Minutes","50","10",""
"58","Approved                                                                     Pending                                                                                                                                     Hold                                                                                                     Banned","Locked                                 Unlocked","Dr. Nazmul Huda Ripon","Specialist","Pediatrics Specialist","Associate Professor (CIMCH)","MBBS,DCH(BSMMU)","MCPS (Child Health),        Room No : 2022","12330","01812345630","admin30@gmail.com","National Hospital Chittagong","Pediatrics Specialist","10","500","","","0","Child Specialist","Sat,Sun,Mon,Tue,Wed,Thu","3:00 PM","6:00 PM","1000","0","10","10",""
"59","Approved                                                                     Pending                                                                                                                                     Hold                                                                                                     Banned","Locked                                 Unlocked","Dr. Md. Abdullah Al Mamun","Specialist","Pediatrics Specialist","Assistant Professor Dept. of Child Health at Rangamati Medical College","MBBS, BCS(Health)","FCPS(Child Health), MD(Child Health)","12329","01812345629","admin29@gmail.com","National Hospital Chittagong","Pediatrics Specialist","10","500","","","0","Child Specialist","Sun,Tue,Thu","4:00 PM","7:00 PM","1000","5 Minutes","50","10",""
"60","Approved                                                                     Pending                                                                                                                                     Hold                                                                                                     Banned","Locked                                 Unlocked","Dr. Nazrul Quader Shikder","Specialist","Pediatrics Specialist","Associate Professor (Department of Paediatrics) at Chattogram Maa-O-Shishu Hospital & Consultant-NICU,National Hospital Chattogram","MBBS","DCH (BSMMU), MD (Paediatrics)","12328","01812345628","admin28@gmail.com","National Hospital Chattogram & Sigma Lab Ltd.","Pediatrics Specialist","10","500","","","0","Dr. Nazrul Quader Shikder, a dedicated Child Diseases Specialist, brings a wealth of expertise to the Hospital in Chittagong, where he attends to patients with care and expertise. Located in the medical community in Chittagong. He is a beacon of knowledge and proficiency in his field, with qualifications encompassing an MBBS degree, a DCH from BSMMU, and an MD in Pediatrics. Serving as an Assistant Professor in Pediatrics and Dr. Shikder chamber at National Hospital","Sat,Sun,Mon,Tue,Wed,Thu","6:00 PM","9:00 PM","1000","5 Minutes","50","10",""
"61","Approved                                                                     Pending                                                                                                                                     Hold                                                                                                     Banned","Locked                                 Unlocked","Prof. Dr. A J M Sadeque","Specialist","Pediatrics Specialist","Professor & Head Department of Pediatrics at Bangabandhu Memorial Hospital USTC, Chattogram","MBBS,","FCPS(Pediatrics)","12327","01812345627","admin27@gmail.com","National Hospital Chittagong","Pediatrics Specialist","10","500","","","0","Best Child Specialist Doctor","Sat,Sun,Mon,Tue,Wed,Thu","6:00 PM","8:00 PM","1000","5 Minutes","50","0",""
"62","Approved                                                                     Pending                                                                                                                                     Hold                                                                                                     Banned","Locked                                 Unlocked","Dr. Mobinul Hoque Chowdhury","Specialist","Neuro Medicine","Consultant (Neurology)","MBBS, BCS(HEALTH),","MD(NEUROMEDICINE),BSMMU, Chattogram Medical College & Hospital","12326","01812345626","admin26@gmail.com","National Hospital Chittagong","Neuro Medicine","10","500","","","0","Neuromedicine Specialist","Mon,Tue,Wed","3:00 AM","6:00 PM","1000","0","20","10",""
"63","Approved                                                                     Pending                                                                                                                                     Hold                                                                                                     Banned","Locked                                 Unlocked","Dr. Md. Shamchul Alam","Specialist","Neuro Medicine","Consultant - Neurologist at Chittagong Medical College Hospital","MBBS, BCS (Health),","MD(Neurology) BSMMU Neuromedicine Specialist","12325","01812345625","admin25@gmail.com","National Hospital Chittagong","Neuro Medicine","10","500","","","0","Neurology Specialist (Stroke, Headache, Epilepsy, Paralysis)","Sat,Sun,Mon,Tue,Wed,Thu","5:00 PM","7:00 PM","1000","10 Minutes","20","10",""
"64","Approved                                                                     Pending                                                                                                                                     Hold                                                                                                     Banned","Locked                                 Unlocked","Dr. Touhidur Rahman","Specialist","Neuro Medicine","Associate Professor, Dept. of Neurology at Chattogram Medical College & Hospital","MBBS","MD(Neurology), Room No: 3005","12324","01812345624","admin24@gmail.com","National Hospital Chittagong","Neuro Medicine","10","500","","","0","Central nervous system Peripheral nervous system Cerebrovascular disease, such as stroke Demyelinating diseases of the central nervous system, such as multiple sclerosis Headache disorders Infections of the brain and peripheral nervous system Movement disorders, such as Parkinson’s disease Neurodegenerative disorders, such as Alzheimer’s disease, Parkinson’s disease, and Amyotrophic Lateral Sclerosis (Lou Gehrig’s disease) Seizure disorders, such as epilepsy Spinal cord disorders Speech and language disorders","Sat,Mon,Wed","4:00 PM","8:00 PM","1000","0","0","0",""
"65","Approved                                                                     Pending                                                                                                                                     Hold                                                                                                     Banned","Locked                                 Unlocked","Professor Dr. Muhammad Tayeb","Specialist","Neuro Medicine","Professor, Dept. of Neuro Medicine at Chittagong Medical College Hospital","MBBS, BCS (Health)","MD(Neuro Medicine),             Room No:4005","12323","01812345623","admin23@gmail.com","National Hospital Chittagong","Neuro Medicine","10","500","","","0","Central nervous system Peripheral nervous system Cerebrovascular disease, such as stroke Demyelinating diseases of the central nervous system, such as multiple sclerosis Headache disorders Infections of the brain and peripheral nervous system Movement disorders, such as Parkinson’s disease Neurodegenerative disorders, such as Alzheimer’s disease, Parkinson’s disease, and Amyotrophic Lateral Sclerosis (Lou Gehrig’s disease) Seizure disorders, such as epilepsy Spinal cord disorders Speech and language disorders","Sun,Tue,Thu","5:00 PM","10:00 PM","1000","10 Minutes","30","5",""
"66","Approved                                                                     Pending                                                                                                                                     Hold                                                                                                     Banned","Locked                                 Unlocked","Dr. Mohammad Mohitul Islam","Specialist","Neuro Medicine","ASSOCIATE PROFESSOR ( NEUROLOGY DEPARTMENT) , Chattogram Medical College & Hospital","MBBS, BCS(HEALTH)","MD(NEUROMEDICINE),BSMMU, For Appointment Call : 01813501952","12322","01812345622","admin22@gmail.com","National Hospital Chittagong","Neuro Medicine","10","500","","","0","Dr. Mohammad Mohitul Islam is a Neuromedicine Specialist in Chittagong, Bangladesh. With an MD in Neuro Medicine and years of experience, he offers exceptional care for patients with brain-related conditions. As an Associate Professor at Chittagong Medical College Hospital, Dr. Mohammad Mohitul Islam expertise extends to various neurological disorders, including migraines, epilepsy, stroke, movement disorders, and neuropathies. Patients can consult him at National Hospital Chattagram, Room No. 4016, on Sundays, Tuesdays, and Thursdays from 06:00 pm to 09:00 pm. Dr. Mohammad Mohitul Islam profound knowledge, dedication, and comprehensive approach make him a trusted specialist who brings hope and healing to his patients, impacting their lives positively.","Sun,Tue,Thu","6:00 PM","9:00 PM","1000","0","0","0",""
"67","Approved                                                                     Pending                                                                                                                                     Hold                                                                                                     Banned","Locked                                 Unlocked","Dr. Md. Saiful Alam","Specialist","Brain & Spinal","Associate Professor, Department of Neurosurgery at Chittagong Medical College Hospital","MBBS, BCS (Health),","MS (Neurosurgery)","12321","01812345621","admin21@gmail.com","National Hospital Chittagong","Brain & Spainal","10","500","","","0","Specialist: Neurosurgery (Brain, Stroke, Spine Surgery) Specialist","Sat,Sun,Mon,Tue,Wed,Thu","4:00 PM","6:00 PM","1000","5 Minutes","50","10",""
"68","Approved                                                                     Pending                                                                                                                                     Hold                                                                                                     Banned","Locked                                 Unlocked","Dr. Md. Monzurul Islam","Specialist","Brain & Spinal","ASSOCIATE PROFESSOR (EX)(CMCH)","MBBS,","MS(Neurosurgery)","12320","01812345620","admin20@gmail.com","National Hospital Chittagong","Brain & Spainal","10","500","","","0","-----","Sat,Sun,Mon,Tue,Wed,Thu","6:00 PM","9:00 PM","1000","15 Minutes","50","10",""
"69","Approved                                                                     Pending                                                                                                                                     Hold                                                                                                     Banned","Locked                                 Unlocked","Dr. Md. Jamal Uddin Tanin","Specialist","Hematology","Faculty Of Medicine (BSMMU)","MBBS (CMC),","MD (Hematology)","12319","01812345619","admin19@gmail.com","National Hospital Chittagong","Hematoligy","10","500","","","0","Dr. Jamal Uddin Tanin, an esteemed Hematologist, holds the degrees of MBBS and MD (Hematology), showcasing his extensive medical expertise. With a notable focus on blood cancers and blood-related disorders, he has emerged as a dedicated specialist in his field. Dr. Tanin serves as a Consultant in the Department of Hematology at the esteemed National Hospital in Chittagong. His commitment to patient care is evident through his regular provision of treatment to those in need. Located at 14/15 Dampara Lane, Mehedibag, Chattogram, his chamber becomes a haven for those seeking expert medical attention. Patients can avail themselves of his services from 2 pm to 4 pm, barring Thursdays and Fridays. With a remarkable academic background and a strong presence at National Hospital, Chittagong, Dr. Jamal Uddin Tanin stands as a beacon of hope for individuals dealing with blood disorders, receiving compassionate and specialized care. To schedule an appointment, individuals can reach out at 018263265857 or 01827402322","Sat,Sun,Mon,Tue,Wed","2:00 PM","4:00 PM","1000","5 Minutes","50","10",""
"70","Approved                                                                     Pending                                                                                                                                     Hold                                                                                                     Banned","Locked                                 Unlocked","Prof. Dr. Md. Gias Uddin Sagor","Specialist","Psychiatrist Specialist","Professor & Head of Dept. (Psychology Dept. ) CHATTOGARM MAA O SISHU MEDICAL COLLEGE HOSPITAL","MBBS","M.Phil(Psychiatric), Room No : 2023","12318","01812345618","admin18@gmail.com","National Hospital Chittagong","Psychiatrist Specialist","10","500","","","0","Prof. Dr. Md. Gias Uddin Sagor is a distinguished psychiatrist renowned for his expertise in mental health, brain disorders, headaches, and epilepsy. Holding impressive credentials including an MBBS and an M.Phil in Psychiatry, he stands as a beacon of knowledge and innovation in his field. Currently serving as the Professor and Head of the Department of Mental Diseases at Chattogram Maa-O-Shishu Hospital Medical College, Prof. Dr. Sagor's dedication to advancing psychiatric care is evident. Patients seeking his compassionate care can find solace at his chambers within the esteemed National Hospital in Chittagong. With visiting hours from 4pm to 7pm (excluding Friday and Saturday), Prof. Dr. Md. Gias Uddin Sagor ensures that his expertise and guidance remain accessible to those in need. His commitment to enhancing mental well-being and his contributions to the medical community make him a beacon of hope for individuals striving for improved mental health.","Sun,Mon,Tue,Wed,Thu","4:00 PM","7:00 PM","1000","5 Minutes","0","0",""
"71","Approved                                                                     Pending                                                                                                                                     Hold                                                                                                     Banned","Locked                                 Unlocked","Dr. Shafiul Karim Md Elias","Specialist","Physical Medicine","Associate Professor & Head of Dept. at CIMC Hospital","MBBS,","FCPS (Physical Medicine)","12317","01812345617","admin17@gmail.com","National Hospital Chittagong","Physical Medicine","10","500","","","0","Dr. Shafiul Karim Md. Elias is a highly accomplished and respected Physical Medicine Specialist in Chittagong. His impressive qualifications include an MBBS degree and the prestigious FCPS in Physical Medicine, demonstrating his expertise in the field. Dr. Elias serves as an Associate Professor and is the Head of the Department of Physical Medicine & Rehabilitation at CIMC Hospital. His specialization encompasses a wide range of areas, including pain management, arthritis, paralysis, and sports injuries. Patients in search of expert care and guidance can visit his chamber at the National Hospital in Chittagong, where he is available for consultation every day, with the exception of Thursdays and Fridays, from 5 pm to 7 pm. To schedule an appointment and benefit from Dr. Shafiul Karim Md. Elias's extensive knowledge and experience, you can reach out to him at 01930715166 or 01827402322. Dr. Shafiul Karim dedication to the field of Physical Medicine and his commitment to patient well-being make him a trusted healthcare provider in the Chittagong.","Sat,Sun,Mon,Tue,Wed","5:00 PM","7:00 PM","1000","0","30","0",""
"72","Approved                                                                     Pending                                                                                                                                     Hold                                                                                                     Banned","Locked                                 Unlocked","Prof. Dr. Zahangir Alam Chowdhury","Specialist","Physical Medicine","Professor & Head of the Department of Physical Medicine and Rehabilitation at Chattogram Maa-O-Shishu Hospital","MBBS","FCPS (Physical Medicine), Room No : 3022","12316","01812345616","admin16@gmail.com","National Hospital Chattogram & Sigma Lab Ltd.","Physical Medicine","10","500","","","0","Professor Doctor Zahangir Alam Chowdhury is a highly esteemed and accomplished medical professional specializing in Physical Medicine and Rehabilitation. With his qualifications, which include an MBBS and FCPS in Physical Medicine, he possesses a deep understanding of the human body and its functions. Notably, he serves as the Professor and Head of the Department of Physical Medicine and Rehabilitation at Chattogram Maa-O-Shishu Hospital, where he imparts his extensive knowledge to train future healthcare practitioners. Dr. Chowdhury extends his expertise to his chambers at both National Hospital Chattogram and Sigma Lab Ltd., making his care accessible to patients. His visiting hours, from 3pm to 7pm every day (with Fridays off), ensure that individuals seeking his specialized care can conveniently do so. To schedule consultations, patients can reach out to him at 01916852155 or 01827402322.","Sat,Sun,Mon,Tue,Wed,Thu","7:00 AM","9:00 AM","1000","0","50","10",""
"73","Approved                                                                     Pending                                                                                                                                     Hold                                                                                                     Banned","Locked                                 Unlocked","Dr. M. A. Mazed","Specialist","Physical Medicine","Consultant in Physical Medicine","MBBS,","FCPS (Physical medicine)","12315","01812345615","admin15@gmail.com","National Hospital Chittagong","Physical Medicine","10","1000","","","0","Dr. M.A. Mazed is a dedicated and highly specialized medical professional, focusing on Physical Medicine with expertise in areas such as arthritis, pain management, paralysis, and sports injuries. With his qualifications including an MBBS and FCPS in Physical Medicine, he brings a deep understanding of the human body and its functions. As a Consultant in the Department of Physical Medicine at National Hospital Chattogram and Sigma Lab Ltd., Dr. Mazed provides expert care to patients, offering them much-needed relief and guidance. His visiting hours, from 11am to 1pm and 7pm to 9pm every day (with Fridays as his day off), make it convenient for patients to access his services. To schedule consultations, individuals can contact him at 01831867841. Dr. M.A. Mazed's commitment to improving the physical well-being of his patients in Chittagong makes him a valuable healthcare professional, offering specialized care and support for those dealing with physical health challenges.","Sat,Sun,Mon,Tue,Wed,Thu","11:00 AM","1:00 PM","1000","0","0","0",""
"74","Approved                                                                     Pending                                                                                                                                     Hold                                                                                                     Banned","Locked                                 Unlocked","Prof. Dr. Mohammad Jalal Uddin","Specialist","Public Health","Professor, Chattogram Maa-O-Shishu Hospital Medical College.","MBBS,","MPH, CCD","12314","01812345614","admin14@gmail.com","National Hospital Chittagong","Public Health","10","500","","","0","Professor Doctor Mohammad Jalal Uddin is a highly respected and experienced medical professional who has dedicated his career to improving healthcare. With degrees in MBBS, MPH, and CCD, he possesses a broad knowledge base in the medical field. As a Professor at Chattogram Maa-O-Shishu Hospital, he imparts his wisdom and expertise to the next generation of healthcare practitioners. Dr. Uddin's commitment to patient care extends to his chambers at National Hospital Chattogram and Sigma Lab Ltd., where he welcomes patients every day from 6pm to 9pm, except for Fridays, which he reserves as his day of rest. For those seeking his medical guidance, appointments can be easily arranged by dialing 01819909464. Dr. Mohammad Jalal Uddin's dedication to healthcare and his accessible hours ensure that individuals in Chittagong have a dependable and knowledgeable resource to turn to for their medical needs, making a positive impact on the local healthcare landscape.","Sat,Sun,Mon,Tue,Wed,Thu","6:00 PM","9:00 AM","1000","5 Minutes","50","10",""
"75","Approved                                                                     Pending                                                                                                                                     Hold                                                                                                     Banned","Locked                                 Unlocked","Dr.Murad Mohammed Faisal Hero","Specialist","Medicine","Consultant (Medicine)","MBBS, BCS(Health)","FCPS (Medicine), MACP(USA), Room No : 4023","12313","01812345613","admin13@gmail.com","National Hospital Chittagong","Medicine","10","500","","","0","Dr. Murad Mohammed Faisal Hero is a highly regarded medical professional with a dedication to healthcare excellence. His qualifications include an MBBS degree, BCS (Health), and FCPS (Medicine), which reflect his deep knowledge and expertise in the field of medicine. Patients in need of medical care can find solace in his chambers at National Hospital Chattogram and Sigma Lab Ltd. Dr. Hero is known for his commitment to patient well-being, offering consultations every day from 7pm to 10pm, with Fridays as his designated day off. This schedule ensures that individuals seeking his guidance can easily access his services. For those interested in booking appointments, convenient serial numbers are provided: 01822685066 or 01827402322. Dr. Murad Muhammad Faisal Hero's reputation as a trusted healthcare provider, combined with his accessible hours and impressive qualifications, makes him a valuable asset in the medical community, offering much-needed support and care to patients in Chittagong","Sat,Sun,Mon,Tue,Wed,Thu","8:00 PM","10:00 PM","1000","0","0","0",""
"76","Approved                                                                     Pending                                                                                                                                     Hold                                                                                                     Banned","Locked                                 Unlocked","Dr. A.M Shahed","Specialist","Medicine","Assistant Professor (Medicine)","MBBS, BCS (Health)","FCPS (Medicine),                  Room No : 2017","12312","01812345612","admin12@gmail.com","National Hospital Chittagong","Medicine","10","500","","","0","Dr. A.M Shahed is a highly esteemed and accomplished medical professional, holding the impressive qualifications of an MBBS from CMC, BCS (Health), and FCPS (Medicine). As a Consultant in Medicine at Chittagong Medical College & Hospital, Dr. Shahed has earned a reputation for his expertise and dedication to patient care. He extends his medical acumen and compassionate approach to his chambers at National Hospital Chattogram and Sigma Lab Ltd., where patients can seek his services with the assurance of receiving top-tier healthcare. Dr. Shahed's visiting hours, extending from 6pm to 8pm every day, are designed to accommodate the needs of his patients, ensuring accessibility to his expert guidance. Notably, he observes Thursdays and Fridays as his days of rest, allowing for a well-deserved break. Patients seeking consultations can conveniently schedule appointments by contacting the provided serial numbers, 01822685066 or 01839881090.","Sat,Sun,Mon,Tue,Wed","6:00 PM","8:00 PM","1000","0","30","10",""
"77","Approved                                                                     Pending                                                                                                                                     Hold                                                                                                     Banned","Locked                                 Unlocked","Dr. Farzin Akter","Specialist","Medicine","Medicine Specialist at Chittagong Medical College Hospital","MBBS (CMC), BCS ( Health)","FCPS (Medicine),          Room No : 3004","12311","01812345611","admin11@gmail.com","National Hospital Chittagong","Medicine","10","500","","","0","Dr. Farzin Akter is a highly qualified Medicine Specialist with impressive credentials, including an MBBS from CMC, BCS (Health), and FCPS (Medicine). She offers her expertise and compassionate care at National Hospital Chattogram and Sigma Lab Ltd., with visiting hours available every day from 6pm to 9pm, ensuring accessibility for patients. While Dr. Farzin Akter provides her invaluable medical services throughout the week, she observes Thursdays and Fridays as her days of rest. Patients can schedule appointments for consultations with her by dialing 01827402322 or 01825265264. With her exceptional qualifications and unwavering commitment to patient well-being, Dr. Farzin Akter is a trusted healthcare professional in the field of medicine","Sat,Sun,Mon,Tue,Wed","8:00 PM","10:00 PM","1000","0","50","10",""
"78","Approved                                                                     Pending                                                                                                                                     Hold                                                                                                     Banned","Locked                                 Unlocked","Dr. S.M Kamrul Haque","Specialist","Medicine","Assistant Professor (Medicine)","MBBS,BCS(Health)","MD (INTERNAL MEDICINE), CHATTOGRAM MEDICAL COLLEGE & HOSPITAL","12310","01812345610","admin10@gmail.com","National Hospital Chattogram & Sigma Lab Ltd.","Medicine","10","500","","","0","Dr. S.M. Kamrul Haque, a distinguished Medicine and Diabetes Specialist, provides various medical services. With expertise in internal medicine, he is adept at diagnosing and managing multiple general medical conditions. Dr. S.M. Kamrul Haque possesses specialized knowledge in the diagnosis, treatment, and ongoing management of diabetes, making him a trusted resource for individuals with this metabolic disorder. Additionally, he offers comprehensive care for patients with chronic conditions such as hypertension, cardiovascular diseases, and respiratory infections. Dr. S.M. Kamrul Haque's focus on preventive medicine emphasizes the importance of promoting overall health and wellness through regular check-ups and lifestyle modifications. His dedication to these specialities and services underscores his commitment to providing holistic care and improving patients' quality of life.","Sat,Sun,Mon,Wed,Thu","5:00 PM","9:00 PM","1000","0","20","10",""
"79","Approved                                                                     Pending                                                                                                                                     Hold                                                                                                     Banned","Locked                                 Unlocked","Dr. Md. Abu Naser Siddique","Specialist","Medicine","Associate Professor, (Medicine Dept.) Chattogram Medical College Hospital","MBBS, BCS (Health)","FCPS (Medicine),                 Room No : 4019","12349","01812345679","admin9@gmail.com","National Hospital Chittagong","Medicine","10","500","","","0","Dr. Md. Abu Naser Siddique is a Medicine Specialist in Chittagong and holds impressive qualifications, including MBBS, BCS (Health), and FCPS (Medicine). Currently serving as an Assistant Professor in the Medicine Department at Chittagong Medical College & Hospital, he is committed to academic and medical excellence. With a regular practice at the National Hospital, Chittagong, Dr. Siddique extends his expertise to provide comprehensive treatment to his patients. Operating from 4.00 p.m. to 6.00 p.m. daily (excluding Fridays) at Chattogram Metropolitan Hospital, his dedication to patient care is evident. For appointments, individuals can reach out at 01822685066 or 01827402322, ensuring access to specialized medical services.","Sat,Sun,Mon,Tue,Wed,Thu","5:00 PM","7:00 PM","1000","0","50","10",""
"80","Approved                                                                     Pending                                                                                                                                     Hold                                                                                                     Banned","Locked                                 Unlocked","Dr. Mosharraf Hossen","Specialist","Medicine","Assistant Professor (Ex), Medicine Department at Chittagong Medical College Hospital","MBBS, BCS (Health)","MD (Internal Medicine),Special Training in Neuro-medicine.","12348","01812345677","admin7@gmail.com","National Hospital Chittagong","Medicine","10","500","","","0","Dr. Mosharraf Hossen stands as a prominent Medicine Specialist in Chittagong, armed with MBBS, BCS (Health), and MD (Internal Medicine). With a dedicated commitment to his field, he serves as an Assistant Professor (EX) in the Medicine Department at Chittagong Medical College Hospital. Patients seeking expert medical care can find solace in his expertise at National Hospital, Chittagong, where he offers treatment and guidance. Dr. Hossen's chamber warmly welcomes patients on Sundays, Tuesdays, and Thursdays from 6 pm to 9 pm, providing them with accessible and compassionate healthcare services. His qualifications, coupled with his role as an educator and his availability at the esteemed National Hospital, make Dr. Mosharraf Hossen a trusted name in the realm of Medicine doctor in Chittagong. Appointment at 01827402322 or 01822685066","Sun,Tue,Thu","6:00 PM","9:00 PM","1000","0","50","10",""
"81","Approved                                                                     Pending                                                                                                                                     Hold                                                                                                     Banned","Locked                                 Unlocked","Dr. Md. Ferdous","Specialist","Medicine","Assistant Professor Dept. of Medicine at USTC, Chattogram","MBBS,BCS (Health) Ex. MD (Internal Medicine)","Appointment : 01953302255","12347","01812345676","admin6@gmail.com","National Hospital Chittagong","Medicine","10","500","","","0","Dr. Md. Ferdous is a distinguished Medicine Specialist based in Chittagong, renowned for his exceptional medical expertise. With a comprehensive educational background, MBBS, BCS (Health), and MD in Internal Medicine, he has a solid medical practice foundation. Serving as a Consultant in the esteemed Department of Medicine at National Hospital, Chittagong, Dr. Ferdous brings his extensive knowledge to the forefront of patient care. Patients needing his expertise can avail themselves of his services during his visiting hours at National Hospital, Chittagong, from 7 p.m. to 9 p.m. every day, except Fridays. His commitment to providing high-quality medical treatment and his rich qualifications make Dr. Md. Ferdous a trusted and reliable choice for individuals seeking expert medical care in Chittagong. Appointment at 01953302255","Sat,Sun,Mon,Tue,Wed,Thu","7:00 PM","9:00 PM","1000","0","0","0",""
"82","Approved                                                                     Pending                                                                                                                                     Hold                                                                                                     Banned","Locked                                 Unlocked","Dr. Mohammad Rezaul Karim","Specialist","Medicine","Consultant (Medicine)","MBBS, BCS (Health)","MD (Internal Medicine),               Room No : 3016","12346","01812345675","admin5@gmail.com","National Hospital Chittagong","Medicine","10","500","","","0","Dr. Mohammad Rezaul Karim, an accomplished Medicine Specialist, is dedicated to providing comprehensive medical care in Chittagong. With an impressive educational background, including an MBBS, BCS (Health), and MD in Internal Medicine, Dr. Karim brings a wealth of knowledge to his practice. Currently serving as an Assistant Professor in the Department of Medicine at Chittagong Medical College & Hospital, he is deeply committed to advancing medical education and patient care. Patients seeking his expert guidance can find solace in his chamber at the National Hospital, Chittagong. With visiting hours from 7 p.m. to 9 p.m. every day (excluding Fridays), Dr. Karim ensures accessibility for those in need. His compassionate approach and extensive expertise make him a trusted figure in internal medicine, providing quality care to Chittagong.","Sat,Sun,Mon,Tue,Wed,Thu","7:00 PM","9:00 PM","1000","10 Minutes","50","10",""
"83","Approved                                                                     Pending                                                                                                                                     Hold                                                                                                     Banned","Locked                                 Unlocked","Professor Dr. A.S.M Zahed","Specialist","Medicine","Professor at Chattogram Medical College & Hospital","MBBS,BCS(Health)","FCPS (Medicine), For Appointment : 01863984838 (8.00am)","12344","01812345674","admin4@gmail.com","National Hospital Chittagong","Medicine","10","500","","","0","For Appointment : 01863984838 Room Number : 3022","Sat,Mon,Wed","6:00 PM","9:00 PM","1000","0","0","0",""
"84","Hold                                                                     Pending                                                                                                     Approved                                                                                                                                     Banned","Locked                                 Unlocked","Dr Mohammad Forhad","Specialist","Medicine","Specialist in Medicine","MBBS (SSMC)","MRCP(London)","12343","01812345673","admin3@gmail.com","National Hospital Chittagong","Medicine","10","500","","","0","Specialist: Diabetes and Rheumatology","Sat,Sun,Mon,Tue,Wed,Thu","11:00 AM","2:00 PM","1000","0","50","10",""
"85","Approved                                                                     Pending                                                                                                                                     Hold                                                                                                     Banned","Locked                                 Unlocked","Dr. Saddat Hossain","Specialist","Kidney Specialist","Consultant (Nephrology)","MBBS, BCS (Health)","MD (Nephrology),Kidney Disease Dept. Chattogram Medical College Hospital.","12342","01812345672","admin2@gmail.com","National Hospital Chittagong","Kidney Specialist","10","500","","","0","Dr. Saddat Hossain a distinguished Kidney Specialist with an impressive medical background, including an MBBS, BCS (Health), and MD in Nephrology. He is a beacon of expertise in the Kidney Disease Department at Chittagong Medical College & Hospital, demonstrating his commitment to advancing kidney care. Renowned as one of Chittagong's best Kidney Specialist Doctors, Dr. Hossain extends his services to National Hospital, Chittagong, where he welcomes patients in Room Number 2027. With a daily visitation schedule from 8.00 pm to 10.00 pm (excluding Fridays), he ensures accessibility for those seeking specialized kidney health care. To secure your appointment with Dr. Saddat Hossain, reach out at 01822685066 or 01827402322. Entrust your kidney health to the expertise of Dr. Hossain for comprehensive and dedicated care.","Sat,Sun,Mon,Tue,Wed,Thu","7:00 PM","9:00 AM","1000","0","20","10",""
"86","Approved                                                                     Pending                                                                                                                                     Hold                                                                                                     Banned","Locked                                 Unlocked","Dr. Mohammad Abdul Kader","Specialist","Kidney Specialist","Consultant, Dept. of Nephrology at Chittagong Medical College & Hospital","MBBS, BCS (Health)","MD(Nephrology)","12341","01812345671","admin1@gmail.com","National Hospital Chittagong","Kidney Specialist","10","500","","","0","Dr. Mohammad Abdul Kader is a distinguished Kidney Specialist renowned for his expertise in the field. Armed with an MBBS and BCS (Health) qualification and an M.D in Nephrology from Chittagong Medical College & Hospital, he stands as a beacon of medical proficiency. Dr. Kader's dedicated focus on kidney diseases has made him a sought-after practitioner in Chittagong. His chamber is at National Hospital, Chittagong, where he provides top-notch medical care. With a visiting schedule from 6:30 pm to 9:30 pm every day (excluding Fridays), patients can conveniently seek his specialized guidance. To secure your consultation, reach out at 01836545672 or 01822685066, or simply visit Room Number 3013. Dr. Mohammad Abdul Kader is a trusted specialist offering comprehensive solutions for those seeking expert kidney care.","Sat,Sun,Mon,Tue,Wed,Thu","6:30 PM","9:30 PM","1000","0","20","10",""
"87","Approved                                                                     Pending                                                                                                                                     Hold                                                                                                     Banned","Locked                                 Unlocked","Prof.Dr.AMM Ehteshamul Haque","Specialist","Kidney Specialist","Professor & Head of Dept.(NEPHROLOGY DEPARTMENT), DEAN FACULTY OF MEDICINE,USTC. PRINCIPLE,INSTITUTE OF APPLIED HEALTH SCIENCE","MBBS","MD(Nephrology) For Appointment Please Call : 01881928182 & 01834902335 (8am-2pm)","12345","01812345678","admin@gmail.com","National Hospital Chattogram & Sigma Lab Ltd.","Kidney Specialist","10","500","","","0","Dr. AMM Ehteshamul Haque is a highly skilled nephrologist with expertise in various nephrological conditions. He offers comprehensive patient care, specializing in amyloidosis, acute kidney failure, diabetic kidney disorder, electrolyte disorders, glomerulonephritis, hypertension, kidney disease and failure, lupus nephritis, nephrotic syndrome, pyelonephritis, polycystic kidney disorder, renal insufficiency, and kidney transplant and dialysis. With his profound knowledge and experience, Dr. Haque provides effective management and treatment options for patients, ensuring the best possible outcomes in cases ranging from complex kidney disorders to end-stage renal disease. Dr AMM Ehteshamul Haque chamber at the National Hospital & Sigma Lab Ltd, located at 14/15 Mehedibagh, Chittagong. He is available for consultations from Everyday 6 pm to 9 pm (Friday off) Patients can contact him at 01881-928182 to schedule appointment.","Sat,Sun,Mon,Tue,Wed,Thu","7:00 PM","9:00 PM","1000","10 Minutes","0","5",""
"88","Hold                                                                     Pending                                                                                                     Approved                                                                                                                                     Banned","Locked                                 Unlocked","Leah Pope","Specialist","Medicine","Unde esse tempor si","Soluta officia velit","Placeat cupidatat a","612","15711298612","mixeze@mailinator.com","Non sunt dolor mini","Id qui quam sed cons","Error mollit non nos","10","","","0","Eos natus qui recusa","Sat,Sun,Mon,Tue,Wed,Thu,Fri","8:31 PM","11:31 PM","1000","5 Minutes","50","10",""
"89","Approved                                                                     Pending                                                                                                                                     Hold                                                                                                     Banned","Locked                                 Unlocked","DR.MD.GIAS UDDIN","Specialist","Rheumatology","Rheumatology (Arthritis, Vasculitis, SLE, Osteoporosis) Specialist","MBBS (SSMC),BCS (Health)","MD (Rheumatology), MSK Sonologist","342100","01723231234","doctor1132@gmail.com","National Hospital Chattogram & Sigma Lab Ltd.","Rheumatology","3 Years","10","","","0","Rheumatologis","Sat,Sun,Tue,Wed","3:00 PM","5:00 PM","800","10 Minutes","50","10",""
"90","Approved                                                                     Pending                                                                                                                                     Hold                                                                                                     Banned","Locked                                 Unlocked","Dr. Mushfiqul Abrar","Specialist","Gastroenterology","Consultant : Hepatologist & Therapeutic Endoscopist.","MBBS,MD (Hepatology),Bangabandhu Sheikh Mujib Medical University (Former PG Hospital, Dhaka)","For Appointment Please Call : 01861057889 & 01863268558 (Room No : 4017)","135633","1886441150","abcddr12@gmail.com","National Hospital Chattogram & Sigma Lab Ltd.","Kidney Disease Specialist","Associate Consultant, Hepatology Evercare Hospital, Chittagong","10","","","0",".","Sat,Sun,Mon,Tue,Wed,Thu","7:00 PM","10:00 PM","1000","10 Minutes","0","0",""
"91","Approved                                                                     Pending                                                                                                                                     Hold                                                                                                     Banned","Locked                                 Unlocked","Professor Dr. Tazin Sultana","Specialist","Gyne & OBS","Professor, Department of Gyne","MBBS,FCPS(Gyne & Obs)","Room No:3002, Available on Sat-Thu (5pm-8pm)","198","70","rubel@mailinator.com","Amet iusto culpa ip","Minima magni recusan","Exercitation pariatu","43","","","0","Dr. Tazeen Sultana","Sat,Sun,Mon,Tue,Wed,Thu","5:00 PM","8:00 PM","1001","10 Minutes","50","10",""
"92","Approved                                                                     Pending                                                                                                                                     Hold                                                                                                     Banned","Locked                                 Unlocked","Dr. Tasbirul Hasan Zihan","Specialist","Gastroenterology","Gastroliver & Medicine Specialist Chittagong Medical College","MBBS (CMC), BCS (Health)","MD (Gastroenterology), BSMMU, MRCP (Paces)","000967","01269785412","doctor14@gmail.com","National Hospital","Gastroenterology","3 Years","10","","","0","Saved Dr. Tasbirul Hasan Zihan, an accomplished Gastroliver and Medicine Specialist, shines as a prominent figure in the medical landscape of Chittagong","Sat,Sun,Tue,Wed","5:00 PM","7:00 PM","1000","0","20","10",""
"93","Approved                                                                     Pending                                                                                                                                     Hold                                                                                                     Banned","Locked                                 Unlocked","Dr. Shamim Boksha","Specialist","Gastroenterology","Medicine, Gastroenterology & Liver disease","MBBS,FCPS (Medicine)","MD (Gastroenterology), For Appointment Please Call 01826691155 at 9am Only 20 patients (Serial must be confirmed one day before)","021111","01236987452","doctor13@gmail.com","National Hospital Chattogram & Sigma Lab Ltd.","Gastroenterology","3 Years","10","","","0","For Appointment 01826691155 (9am, Only 20 patients are booked) Room Number : 4010","Sat,Sun,Mon","3:00 PM","10:00 PM","1000","0","0","0",""
"94","Approved                                                                     Pending                                                                                                                                     Hold                                                                                                     Banned","Locked                                 Unlocked","Dr. Mohammad Jashim Uddin","Specialist","Gastroenterology","Medicine, Gastroenterology & Liver disease","MBBS,FCPS (Medicine)","MD (Gastroenterology), For Appointment call 01768219681 (8am-8.30am)","003975","01265478965","doctor10@gmail.com","National Hospital Chattogram & Sigma Lab Ltd.","Medicine","3 Years","10","","","0","For Appointment : 01768219681 (8am-8.30am) Room Number : 3010","Tue,Wed,Thu","2:00 PM","10:00 PM","1000","5 Minutes","0","0",""