"#SL","Sub Category Name","Parent Category","Image","Action"
"1","Rheumatology","Specialist","",""
"2","Diabetes & Thyroid","Specialist","",""
"3","Cancer Specialist","Specialist","",""
"4","ENT","Specialist","",""
"5","Gyne & OBS","Specialist","",""
"6","Orthopedics","Specialist","",""
"7","General Surgery","Specialist","",""
"8","Urology","Specialist","",""
"9","Cardio Vascular","Specialist","",""
"10","Cardiology","Specialist","",""
"11","Brain & Spinal","Specialist","",""
"12","Hematology","Specialist","",""
"13","Psychiatrist Specialist","Specialist","",""
"14","Physical Medicine","Specialist","",""
"15","Public Health","Specialist","",""
"16","Kidney Specialist","Specialist","",""
"17","Gastroenterology","Specialist","",""
"18","Food & Nutrition Specialist","Specialist","",""
"19","Pediatric & Surgery","Specialist","",""
"20","Chest & Esophageal","Specialist","",""
"21","Eye","Specialist","",""
"22","Pediatrics Specialist","Specialist","",""
"23","Dermatologist","Specialist","",""
"24","Neuro Medicine","Specialist","",""
"25","Medicine","Specialist","",""